ID,Nome,Cargo,Salario
1,Eva,Analista,5544.36
2,Grace,Gerente,2062.34
3,Eva,Desenvolvedor,4222.75
4,Hannah,Analista,3923.56
5,David,Desenvolvedor,8774.43
6,Alice,Desenvolvedor,5391.35
7,Grace,Consultor,4858.69
8,Eva,Estagiário,5582.03
9,Charlie,Gerente,6825.52
10,Grace,Desenvolvedor,4094.06
11,Hannah,Designer,9111.81
12,Eva,Estagiário,5235.26
13,Grace,Estagiário,9451.6
14,Alice,Técnico,9202.55
15,Alice,Designer,4489.46
16,Eva,Vendedor,5378.6
17,Charlie,Estagiário,8497.45
18,Eva,Técnico,7187.73
19,Bob,Técnico,2976.82
20,Eva,Designer,7225.71
21,Alice,Engenheiro,6388.85
22,Ivan,Consultor,8393.43
23,David,Consultor,8082.94
24,Hannah,Consultor,5355.42
25,David,Diretor,7868.44
26,Eva,Estagiário,9688.22
27,Hannah,Engenheiro,3218.04
28,Frank,Diretor,3061.0
29,Alice,Consultor,9872.42
30,Bob,Desenvolvedor,2831.77
31,Jasmine,Designer,5138.98
32,Jasmine,Designer,8107.64
33,Jasmine,Técnico,2747.47
34,Jasmine,Estagiário,4506.63
35,Alice,Técnico,6844.92
36,Frank,Consultor,7805.1
37,Charlie,Designer,2693.9
38,Jasmine,Analista,8270.95
39,Eva,Técnico,5015.76
40,Frank,Técnico,6053.37
41,Alice,Técnico,9025.4
42,David,Diretor,5034.6
43,Jasmine,Consultor,2268.33
44,Frank,Gerente,7006.43
45,Jasmine,Estagiário,8474.02
46,Bob,Gerente,9915.93
47,Bob,Técnico,7519.21
48,Grace,Gerente,7344.0
49,David,Diretor,4984.99
50,David,Consultor,7840.15
51,Hannah,Gerente,7449.42
52,Eva,Gerente,6836.02
53,David,Desenvolvedor,5829.53
54,Bob,Técnico,9652.79
55,David,Estagiário,4532.01
56,Frank,Consultor,4353.7
57,Jasmine,Engenheiro,7661.75
58,Jasmine,Consultor,9181.46
59,Alice,Técnico,7415.78
60,Eva,Engenheiro,2028.87
61,Bob,Vendedor,2832.95
62,Jasmine,Analista,5527.42
63,Ivan,Engenheiro,4877.98
64,Grace,Analista,6466.79
65,Jasmine,Designer,2835.02
66,Bob,Consultor,6134.76
67,Jasmine,Designer,7679.45
68,Bob,Diretor,9099.67
69,Hannah,Consultor,7722.7
70,Charlie,Engenheiro,5812.31
71,Ivan,Técnico,6358.69
72,Frank,Engenheiro,5985.06
73,David,Gerente,9804.54
74,Eva,Designer,9091.54
75,Ivan,Engenheiro,8229.31
76,Ivan,Designer,5599.72
77,Frank,Vendedor,8306.78
78,Ivan,Designer,2271.64
79,Alice,Estagiário,5746.08
80,Frank,Vendedor,8145.38
81,Eva,Desenvolvedor,3235.81
82,Eva,Analista,8927.87
83,Ivan,Engenheiro,2092.39
84,David,Gerente,5353.33
85,Ivan,Técnico,2676.7
86,Charlie,Consultor,7509.88
87,Charlie,Desenvolvedor,4285.56
88,Grace,Gerente,8692.79
89,Bob,Vendedor,5681.63
90,Ivan,Técnico,7967.27
91,Bob,Engenheiro,2333.03
92,Grace,Vendedor,2274.69
93,Ivan,Vendedor,9496.26
94,Charlie,Técnico,8618.73
95,Ivan,Analista,6160.84
96,Hannah,Vendedor,7065.72
97,Grace,Gerente,9131.06
98,Grace,Designer,5472.86
99,Hannah,Técnico,7996.29
100,Frank,Designer,8493.41
101,David,Desenvolvedor,6444.61
102,Jasmine,Consultor,4398.75
103,Charlie,Gerente,8484.77
104,Frank,Analista,8580.59
105,Grace,Desenvolvedor,7587.2
106,David,Diretor,4471.55
107,Ivan,Desenvolvedor,5924.93
108,Bob,Desenvolvedor,9832.8
109,Grace,Analista,5838.79
110,Jasmine,Analista,2077.38
111,Grace,Desenvolvedor,9207.07
112,Bob,Analista,7214.99
113,Jasmine,Engenheiro,2366.31
114,Frank,Técnico,9605.23
115,Frank,Vendedor,5467.91
116,Ivan,Técnico,7951.46
117,Bob,Analista,7818.49
118,Ivan,Gerente,8245.67
119,Eva,Analista,4183.52
120,Frank,Estagiário,2306.0
121,Alice,Vendedor,2727.02
122,Bob,Técnico,9583.24
123,Bob,Estagiário,9528.35
124,Frank,Diretor,4300.48
125,Ivan,Consultor,9805.9
126,Ivan,Engenheiro,3485.62
127,Ivan,Técnico,2465.87
128,David,Gerente,5554.37
129,David,Consultor,8320.13
130,Hannah,Estagiário,9833.62
131,Ivan,Designer,7651.42
132,Grace,Consultor,5771.44
133,David,Engenheiro,8712.84
134,Bob,Consultor,8210.42
135,Eva,Diretor,2716.95
136,Eva,Estagiário,3496.13
137,Eva,Estagiário,6757.5
138,Frank,Consultor,8647.18
139,Alice,Designer,7696.66
140,Frank,Designer,2702.34
141,Jasmine,Técnico,4002.08
142,Ivan,Consultor,3460.84
143,Ivan,Vendedor,6106.41
144,Bob,Engenheiro,9760.29
145,Bob,Desenvolvedor,2854.3
146,Grace,Vendedor,9059.59
147,Jasmine,Desenvolvedor,3329.46
148,David,Vendedor,8385.33
149,Frank,Designer,3601.15
150,Bob,Vendedor,8030.78
151,Bob,Engenheiro,5327.95
152,Jasmine,Consultor,2016.8
153,Charlie,Vendedor,7152.38
154,Alice,Engenheiro,6338.51
155,Hannah,Consultor,9129.56
156,Hannah,Diretor,9171.03
157,Eva,Designer,8606.15
158,Hannah,Analista,8209.61
159,Alice,Gerente,4972.46
160,Frank,Engenheiro,7436.01
161,Alice,Gerente,8287.76
162,Frank,Diretor,3969.41
163,Grace,Desenvolvedor,9733.6
164,Bob,Designer,8585.39
165,Grace,Estagiário,6708.64
166,Jasmine,Estagiário,4916.68
167,Alice,Diretor,2894.86
168,Jasmine,Consultor,5143.76
169,Charlie,Gerente,7430.72
170,Hannah,Engenheiro,8154.17
171,Frank,Analista,5561.92
172,Bob,Gerente,8138.46
173,Charlie,Consultor,2870.93
174,Eva,Designer,6237.27
175,Ivan,Consultor,5631.47
176,David,Desenvolvedor,3314.25
177,Hannah,Técnico,5883.73
178,Grace,Analista,9248.6
179,Bob,Gerente,8991.45
180,Frank,Vendedor,7496.3
181,Jasmine,Diretor,8718.36
182,Frank,Analista,2309.24
183,Alice,Técnico,4158.44
184,Ivan,Gerente,5495.58
185,Bob,Designer,8265.05
186,Jasmine,Desenvolvedor,8954.52
187,Frank,Designer,4419.5
188,Frank,Estagiário,4409.85
189,Charlie,Técnico,3470.29
190,Bob,Técnico,5603.63
191,Jasmine,Designer,4598.33
192,Hannah,Gerente,9437.99
193,Grace,Analista,3532.94
194,Grace,Estagiário,8941.65
195,Hannah,Vendedor,5660.83
196,Frank,Diretor,3493.89
197,Charlie,Designer,6065.81
198,Alice,Vendedor,8610.81
199,Bob,Consultor,6946.29
200,Hannah,Desenvolvedor,7703.45
201,Jasmine,Consultor,7840.57
202,Alice,Engenheiro,4153.7
203,Alice,Designer,2601.23
204,Alice,Gerente,3622.72
205,Eva,Desenvolvedor,3144.07
206,Jasmine,Analista,4407.1
207,Charlie,Consultor,7903.98
208,Jasmine,Engenheiro,7860.26
209,David,Desenvolvedor,5253.56
210,Charlie,Engenheiro,5544.11
211,Charlie,Consultor,6542.0
212,Grace,Técnico,5418.95
213,Grace,Desenvolvedor,9703.98
214,Alice,Gerente,7079.47
215,Alice,Técnico,4776.87
216,Ivan,Engenheiro,7930.13
217,Charlie,Gerente,6433.26
218,Hannah,Técnico,8430.21
219,Hannah,Designer,6708.94
220,Hannah,Diretor,4224.57
221,David,Consultor,3074.58
222,Jasmine,Designer,8363.87
223,Jasmine,Analista,3650.13
224,Hannah,Vendedor,3564.65
225,Grace,Engenheiro,4806.94
226,Jasmine,Engenheiro,9231.36
227,Jasmine,Gerente,2139.38
228,Grace,Diretor,5095.23
229,Bob,Desenvolvedor,8221.38
230,Jasmine,Analista,8214.27
231,Alice,Designer,2132.7
232,Charlie,Estagiário,2603.33
233,Alice,Técnico,7730.95
234,Ivan,Consultor,6398.68
235,Ivan,Analista,2870.75
236,David,Vendedor,3357.37
237,Jasmine,Designer,4948.62
238,Grace,Desenvolvedor,7895.44
239,David,Estagiário,7409.58
240,Frank,Engenheiro,4899.9
241,Eva,Consultor,3915.69
242,Eva,Desenvolvedor,8793.06
243,Alice,Desenvolvedor,6857.79
244,Alice,Diretor,6669.44
245,Ivan,Desenvolvedor,6486.93
246,Bob,Designer,2998.55
247,Hannah,Designer,5944.56
248,Bob,Designer,9066.98
249,Ivan,Consultor,9616.42
250,Ivan,Técnico,6616.89
251,Bob,Estagiário,8636.18
252,Hannah,Vendedor,8830.9
253,David,Desenvolvedor,4375.79
254,Hannah,Vendedor,3745.26
255,Eva,Consultor,2161.97
256,Jasmine,Analista,3747.25
257,Eva,Gerente,5851.23
258,Frank,Vendedor,3718.23
259,Eva,Técnico,4151.15
260,David,Analista,3422.04
261,Frank,Desenvolvedor,8355.18
262,David,Gerente,5319.18
263,Grace,Diretor,5457.52
264,Eva,Estagiário,5244.92
265,Alice,Diretor,2227.09
266,Jasmine,Engenheiro,6989.27
267,Eva,Desenvolvedor,4208.48
268,David,Desenvolvedor,7562.17
269,Ivan,Gerente,7639.72
270,Hannah,Analista,3472.25
271,Grace,Designer,5285.72
272,Charlie,Engenheiro,7572.83
273,Grace,Consultor,7815.19
274,Frank,Gerente,8934.4
275,Hannah,Analista,7077.5
276,Jasmine,Diretor,6702.1
277,David,Analista,2458.56
278,Charlie,Estagiário,8296.23
279,Frank,Engenheiro,5167.87
280,Alice,Diretor,9395.23
281,Alice,Designer,4065.42
282,Alice,Designer,8947.33
283,Alice,Engenheiro,5249.93
284,Grace,Estagiário,6432.86
285,Jasmine,Estagiário,6561.61
286,Hannah,Engenheiro,9417.78
287,Frank,Estagiário,5692.4
288,Alice,Estagiário,9266.18
289,Jasmine,Consultor,5264.23
290,Ivan,Desenvolvedor,4967.8
291,Charlie,Estagiário,8283.5
292,Charlie,Engenheiro,7388.41
293,Jasmine,Desenvolvedor,2465.88
294,Bob,Técnico,8934.28
295,Eva,Técnico,3575.22
296,Frank,Analista,5112.52
297,Hannah,Estagiário,3617.29
298,Charlie,Designer,5850.66
299,Charlie,Analista,6443.74
300,Charlie,Designer,6378.65
301,Alice,Engenheiro,3121.36
302,Grace,Vendedor,8794.62
303,Eva,Engenheiro,3553.31
304,Eva,Analista,9712.57
305,David,Consultor,5093.82
306,Hannah,Desenvolvedor,6252.51
307,Charlie,Designer,7412.45
308,Jasmine,Vendedor,4486.33
309,Bob,Técnico,6077.61
310,Frank,Analista,7153.3
311,Grace,Consultor,4753.01
312,Hannah,Gerente,6403.55
313,Frank,Vendedor,3860.72
314,Bob,Analista,8575.78
315,Frank,Desenvolvedor,2508.74
316,Grace,Desenvolvedor,2144.47
317,David,Designer,8542.69
318,Charlie,Engenheiro,4470.41
319,Bob,Engenheiro,7040.91
320,Hannah,Vendedor,8020.54
321,Frank,Engenheiro,8201.4
322,Hannah,Designer,7134.2
323,Jasmine,Vendedor,5764.77
324,Grace,Desenvolvedor,5381.41
325,Alice,Consultor,4723.89
326,Charlie,Designer,5905.3
327,Grace,Desenvolvedor,9424.3
328,Hannah,Desenvolvedor,3117.67
329,Grace,Desenvolvedor,6488.15
330,Bob,Consultor,6734.1
331,Grace,Diretor,9860.62
332,Jasmine,Gerente,4537.18
333,Frank,Analista,2596.93
334,David,Analista,4537.46
335,Jasmine,Desenvolvedor,7979.72
336,Jasmine,Desenvolvedor,6439.27
337,Jasmine,Estagiário,9797.73
338,Ivan,Desenvolvedor,3162.64
339,David,Analista,4034.44
340,David,Diretor,2492.98
341,Jasmine,Técnico,9671.06
342,Hannah,Estagiário,5893.81
343,Hannah,Diretor,5134.65
344,Grace,Consultor,8876.28
345,Alice,Designer,9822.44
346,Ivan,Engenheiro,2115.18
347,Grace,Gerente,3185.67
348,Alice,Analista,3923.04
349,Ivan,Analista,6043.05
350,Eva,Vendedor,6394.34
351,Ivan,Desenvolvedor,5717.82
352,Bob,Desenvolvedor,5818.01
353,Jasmine,Técnico,8406.51
354,Charlie,Analista,3070.23
355,Ivan,Analista,2029.16
356,Bob,Analista,7324.7
357,Bob,Designer,3790.73
358,Alice,Diretor,6168.08
359,David,Engenheiro,4615.68
360,Hannah,Designer,8611.01
361,Charlie,Desenvolvedor,5445.5
362,Jasmine,Estagiário,3003.17
363,Charlie,Diretor,5742.0
364,Hannah,Vendedor,5539.35
365,Ivan,Técnico,5002.82
366,Jasmine,Consultor,3912.39
367,Alice,Gerente,2687.86
368,David,Analista,7273.38
369,Charlie,Gerente,2344.1
370,Alice,Analista,3152.39
371,David,Estagiário,2521.14
372,David,Vendedor,8716.07
373,Ivan,Consultor,4308.69
374,Jasmine,Técnico,4426.35
375,Alice,Analista,7204.0
376,Hannah,Técnico,2041.5
377,Eva,Vendedor,8330.47
378,Eva,Desenvolvedor,3934.67
379,Ivan,Vendedor,2783.57
380,Eva,Estagiário,2178.3
381,Eva,Designer,7400.49
382,Grace,Desenvolvedor,4365.46
383,Jasmine,Consultor,8244.62
384,Bob,Vendedor,9460.25
385,Alice,Diretor,6618.42
386,Alice,Analista,5394.28
387,Charlie,Estagiário,4752.47
388,Ivan,Gerente,7403.44
389,Eva,Designer,5658.54
390,Jasmine,Estagiário,5707.93
391,Frank,Vendedor,9733.32
392,Alice,Consultor,2662.43
393,Grace,Consultor,3632.09
394,Charlie,Desenvolvedor,4562.37
395,Charlie,Consultor,2176.67
396,Grace,Analista,2985.86
397,Jasmine,Designer,4255.23
398,Hannah,Analista,8589.73
399,David,Analista,6612.9
400,Bob,Gerente,9334.4
401,David,Analista,9637.44
402,Bob,Vendedor,3563.21
403,Jasmine,Designer,5514.93
404,Charlie,Designer,5963.8
405,Jasmine,Gerente,2559.83
406,Alice,Técnico,4175.29
407,Grace,Estagiário,2043.17
408,Ivan,Consultor,5205.06
409,Charlie,Gerente,3747.26
410,Bob,Desenvolvedor,9115.33
411,Hannah,Diretor,5546.28
412,Eva,Desenvolvedor,2994.8
413,Grace,Vendedor,4274.43
414,Bob,Designer,9752.5
415,Charlie,Engenheiro,5067.29
416,Jasmine,Desenvolvedor,8339.92
417,Bob,Diretor,7748.43
418,Alice,Consultor,4540.34
419,Ivan,Engenheiro,2495.99
420,Charlie,Gerente,5659.3
421,Eva,Analista,5393.82
422,Charlie,Técnico,7054.72
423,Jasmine,Designer,6883.71
424,Hannah,Analista,5626.94
425,Ivan,Desenvolvedor,9444.46
426,Bob,Diretor,2084.18
427,Frank,Gerente,4868.78
428,Grace,Consultor,7136.16
429,Grace,Engenheiro,4426.4
430,Charlie,Designer,5713.89
431,Alice,Desenvolvedor,7687.9
432,Eva,Engenheiro,9366.31
433,Hannah,Estagiário,8718.14
434,David,Desenvolvedor,3007.38
435,Charlie,Vendedor,2540.16
436,Jasmine,Consultor,5505.35
437,Charlie,Estagiário,9862.44
438,Hannah,Consultor,5984.41
439,Alice,Consultor,8350.16
440,David,Consultor,6983.14
441,Grace,Diretor,2252.4
442,Jasmine,Engenheiro,7536.81
443,Eva,Gerente,6209.57
444,Grace,Consultor,2414.14
445,Ivan,Consultor,3162.61
446,Frank,Vendedor,3175.26
447,Ivan,Consultor,9467.64
448,Ivan,Gerente,3635.69
449,Grace,Diretor,8085.76
450,Eva,Vendedor,8995.48
451,Alice,Gerente,4411.27
452,Grace,Estagiário,4245.89
453,Frank,Consultor,6188.95
454,David,Técnico,8694.58
455,Eva,Gerente,2321.53
456,Alice,Gerente,4286.94
457,Ivan,Técnico,6428.23
458,Grace,Consultor,6532.18
459,Alice,Consultor,8880.63
460,David,Analista,9489.83
461,Grace,Desenvolvedor,2325.09
462,Hannah,Técnico,2074.56
463,Eva,Desenvolvedor,2363.13
464,Ivan,Consultor,9689.68
465,Jasmine,Estagiário,5700.81
466,Charlie,Engenheiro,7034.64
467,Bob,Técnico,6686.05
468,Jasmine,Consultor,3633.14
469,Hannah,Vendedor,6507.4
470,Ivan,Vendedor,9999.48
471,Grace,Técnico,4810.42
472,David,Analista,9498.36
473,Bob,Diretor,7824.76
474,Eva,Analista,8852.77
475,Hannah,Engenheiro,9595.83
476,Grace,Gerente,6807.59
477,Alice,Gerente,8926.38
478,Bob,Vendedor,3594.45
479,Grace,Engenheiro,2865.66
480,Eva,Gerente,3738.59
481,Eva,Desenvolvedor,8315.67
482,Jasmine,Técnico,9500.47
483,Ivan,Consultor,7778.53
484,David,Técnico,2214.82
485,Alice,Analista,8658.78
486,Charlie,Diretor,5948.39
487,Hannah,Engenheiro,6400.49
488,Charlie,Engenheiro,9765.07
489,Alice,Consultor,2612.16
490,Charlie,Desenvolvedor,8383.77
491,Charlie,Desenvolvedor,5421.86
492,Charlie,Diretor,5431.5
493,Charlie,Gerente,7259.07
494,Jasmine,Gerente,5577.62
495,Eva,Diretor,8930.26
496,Jasmine,Consultor,2839.76
497,Frank,Vendedor,4126.19
498,Alice,Estagiário,5309.73
499,Jasmine,Gerente,6022.01
500,Alice,Estagiário,8831.66
501,Hannah,Gerente,7350.32
502,Ivan,Diretor,8620.67
503,Charlie,Analista,5979.56
504,Hannah,Técnico,9740.64
505,Bob,Estagiário,2710.08
506,Ivan,Desenvolvedor,5052.1
507,Ivan,Consultor,6716.57
508,Grace,Vendedor,9608.39
509,Jasmine,Vendedor,3513.65
510,Grace,Consultor,5142.45
511,Grace,Diretor,2670.14
512,Hannah,Desenvolvedor,9952.09
513,Ivan,Vendedor,9824.35
514,Grace,Vendedor,6379.16
515,Charlie,Engenheiro,9760.38
516,Frank,Gerente,9747.53
517,Charlie,Estagiário,4196.61
518,Grace,Consultor,3302.63
519,David,Estagiário,2481.29
520,Jasmine,Engenheiro,9931.45
521,David,Estagiário,4829.83
522,David,Analista,7491.27
523,Charlie,Engenheiro,6499.6
524,Alice,Gerente,8852.09
525,Bob,Consultor,9297.39
526,David,Técnico,3579.75
527,Jasmine,Designer,9217.5
528,David,Analista,7746.89
529,Eva,Designer,6759.04
530,Charlie,Engenheiro,7135.57
531,Hannah,Gerente,6578.6
532,Alice,Consultor,9552.05
533,Alice,Designer,4881.79
534,Frank,Estagiário,3946.03
535,Ivan,Analista,4093.21
536,Ivan,Analista,5326.05
537,Bob,Consultor,4749.68
538,Charlie,Engenheiro,3886.37
539,Charlie,Gerente,2954.82
540,Jasmine,Consultor,4993.91
541,Ivan,Técnico,3179.07
542,Ivan,Gerente,5876.84
543,Ivan,Analista,6038.98
544,Frank,Consultor,2738.95
545,David,Consultor,7681.82
546,Bob,Analista,8328.3
547,Ivan,Técnico,2826.66
548,Eva,Analista,8915.17
549,Eva,Estagiário,6052.36
550,Hannah,Consultor,7661.43
551,Alice,Técnico,5808.81
552,Eva,Gerente,6826.49
553,David,Engenheiro,5114.65
554,Hannah,Vendedor,7218.81
555,Eva,Estagiário,2397.27
556,Grace,Consultor,4346.17
557,Bob,Desenvolvedor,2544.54
558,Eva,Gerente,5041.0
559,Eva,Estagiário,9247.8
560,Hannah,Vendedor,7115.16
561,Charlie,Designer,7777.76
562,Eva,Estagiário,3405.66
563,Alice,Consultor,2917.58
564,Alice,Engenheiro,2211.65
565,Grace,Estagiário,2796.45
566,Jasmine,Engenheiro,9249.47
567,Frank,Vendedor,7402.78
568,Charlie,Desenvolvedor,6831.08
569,Bob,Designer,4146.5
570,Bob,Gerente,2336.34
571,David,Técnico,7067.56
572,David,Analista,5070.07
573,Eva,Designer,9465.81
574,Alice,Designer,9398.2
575,Eva,Diretor,3345.37
576,Frank,Técnico,3105.21
577,Charlie,Estagiário,5741.55
578,Eva,Analista,9865.71
579,Jasmine,Engenheiro,4553.54
580,Frank,Desenvolvedor,8494.02
581,Ivan,Estagiário,8423.47
582,Jasmine,Designer,2303.53
583,Hannah,Técnico,5675.94
584,Eva,Vendedor,9320.14
585,Frank,Designer,9225.7
586,Jasmine,Estagiário,7850.11
587,Bob,Estagiário,5417.42
588,Grace,Analista,6381.25
589,Ivan,Estagiário,4037.33
590,Eva,Vendedor,8528.48
591,Eva,Vendedor,4397.47
592,Hannah,Diretor,7496.92
593,Bob,Vendedor,3318.06
594,Eva,Técnico,6026.12
595,Ivan,Diretor,9500.95
596,David,Estagiário,8628.02
597,Jasmine,Gerente,5465.65
598,Ivan,Gerente,2182.59
599,Jasmine,Gerente,2950.65
600,Charlie,Vendedor,6665.51
601,Jasmine,Analista,7975.87
602,Ivan,Desenvolvedor,7581.3
603,Hannah,Estagiário,9411.25
604,Alice,Designer,3880.95
605,David,Desenvolvedor,5222.28
606,Charlie,Analista,3988.9
607,David,Gerente,8088.13
608,Hannah,Desenvolvedor,7059.03
609,Bob,Consultor,8881.27
610,David,Engenheiro,6313.93
611,Eva,Designer,7709.8
612,Grace,Gerente,2398.86
613,Ivan,Técnico,4965.26
614,Eva,Consultor,2080.15
615,Jasmine,Desenvolvedor,8268.86
616,Grace,Engenheiro,6701.82
617,Frank,Estagiário,2833.39
618,Hannah,Designer,3022.35
619,Grace,Engenheiro,7843.12
620,David,Desenvolvedor,5732.83
621,Hannah,Analista,9512.06
622,Alice,Desenvolvedor,4035.34
623,Alice,Designer,2413.87
624,Bob,Analista,6396.04
625,Ivan,Engenheiro,9520.4
626,Charlie,Gerente,7743.49
627,David,Estagiário,7219.0
628,David,Vendedor,7785.7
629,Charlie,Vendedor,2125.3
630,Jasmine,Analista,8333.67
631,Frank,Consultor,9302.13
632,Eva,Técnico,9636.9
633,Grace,Diretor,8272.01
634,David,Vendedor,3380.9
635,Ivan,Engenheiro,9832.68
636,Alice,Vendedor,6555.54
637,Charlie,Técnico,6043.08
638,Bob,Técnico,6326.62
639,Charlie,Designer,7992.77
640,Ivan,Desenvolvedor,4202.41
641,David,Técnico,8184.76
642,Charlie,Analista,4150.7
643,Bob,Designer,3006.03
644,David,Diretor,5934.93
645,Grace,Estagiário,3161.64
646,Grace,Estagiário,4773.06
647,Hannah,Técnico,9635.45
648,Charlie,Estagiário,6715.58
649,David,Consultor,4800.34
650,Grace,Gerente,3867.11
651,Ivan,Consultor,9835.67
652,Hannah,Técnico,8962.49
653,Grace,Engenheiro,3664.38
654,Ivan,Diretor,6715.5
655,Grace,Estagiário,4755.47
656,Charlie,Técnico,7661.71
657,David,Técnico,6599.99
658,Eva,Engenheiro,8564.88
659,Charlie,Consultor,7866.9
660,Charlie,Vendedor,5840.52
661,Bob,Estagiário,7423.3
662,Jasmine,Técnico,5276.85
663,Bob,Desenvolvedor,8391.48
664,Frank,Engenheiro,4467.72
665,Eva,Gerente,8179.73
666,Hannah,Técnico,7744.74
667,Frank,Técnico,6381.16
668,Bob,Designer,2264.66
669,Grace,Consultor,3411.95
670,Eva,Designer,7154.64
671,Alice,Técnico,9423.27
672,Alice,Técnico,3393.7
673,Frank,Engenheiro,2590.65
674,Jasmine,Consultor,7785.36
675,David,Analista,2662.96
676,Ivan,Técnico,2837.83
677,Jasmine,Designer,9239.87
678,Hannah,Estagiário,8531.24
679,Hannah,Gerente,8094.16
680,Grace,Analista,7713.69
681,Hannah,Técnico,4236.54
682,Charlie,Estagiário,5865.92
683,Frank,Estagiário,2555.61
684,Grace,Estagiário,4251.17
685,Eva,Analista,5639.41
686,Jasmine,Estagiário,7183.72
687,Grace,Engenheiro,3193.73
688,Frank,Vendedor,8766.45
689,Bob,Designer,2406.78
690,Ivan,Diretor,4987.67
691,Grace,Diretor,4779.11
692,Ivan,Desenvolvedor,5427.47
693,Charlie,Estagiário,5035.06
694,Bob,Designer,6774.57
695,Frank,Vendedor,6573.88
696,Bob,Técnico,7057.25
697,Eva,Engenheiro,9446.64
698,Grace,Estagiário,6003.12
699,Bob,Desenvolvedor,4377.8
700,Grace,Designer,8524.86
701,David,Técnico,4702.76
702,Jasmine,Engenheiro,4040.26
703,Grace,Vendedor,8650.03
704,David,Estagiário,4099.03
705,Charlie,Diretor,5210.08
706,Bob,Diretor,8812.79
707,Jasmine,Consultor,6924.23
708,Frank,Técnico,7046.03
709,Grace,Diretor,5759.43
710,Alice,Estagiário,9124.82
711,David,Diretor,8306.4
712,Alice,Técnico,7716.65
713,Hannah,Técnico,3889.78
714,Frank,Estagiário,4077.24
715,Jasmine,Analista,4389.92
716,Alice,Diretor,9835.22
717,Jasmine,Consultor,7283.62
718,Ivan,Estagiário,3488.9
719,Grace,Consultor,5735.95
720,Grace,Desenvolvedor,3034.45
721,David,Designer,6338.99
722,Eva,Gerente,4743.02
723,Hannah,Diretor,7958.61
724,David,Gerente,9650.45
725,Jasmine,Consultor,6106.24
726,Alice,Estagiário,8511.12
727,David,Consultor,6032.32
728,Grace,Técnico,2227.26
729,David,Técnico,2487.09
730,Jasmine,Técnico,5259.07
731,Hannah,Diretor,9773.46
732,Alice,Analista,8537.29
733,Frank,Gerente,4388.95
734,Alice,Consultor,8376.36
735,David,Engenheiro,2175.22
736,Grace,Desenvolvedor,7900.83
737,Ivan,Técnico,5071.62
738,Jasmine,Vendedor,9949.98
739,David,Analista,5793.08
740,Ivan,Vendedor,2213.74
741,Grace,Diretor,8267.36
742,Grace,Designer,6062.01
743,Bob,Engenheiro,6169.99
744,Ivan,Engenheiro,4348.49
745,Hannah,Gerente,7545.7
746,Charlie,Gerente,8138.2
747,Eva,Consultor,7068.98
748,Jasmine,Estagiário,5836.08
749,David,Estagiário,2562.84
750,Charlie,Técnico,4660.14
751,Charlie,Desenvolvedor,7670.95
752,Bob,Desenvolvedor,9653.59
753,Frank,Diretor,3919.41
754,Eva,Desenvolvedor,6834.45
755,Frank,Desenvolvedor,7744.11
756,Eva,Engenheiro,8757.18
757,Charlie,Engenheiro,2781.66
758,Jasmine,Designer,5414.94
759,Jasmine,Técnico,3802.34
760,Jasmine,Desenvolvedor,5952.08
761,Grace,Desenvolvedor,4844.71
762,Grace,Estagiário,2465.72
763,Alice,Estagiário,3611.55
764,Alice,Técnico,4293.42
765,Charlie,Designer,4975.34
766,Eva,Analista,6157.91
767,Charlie,Diretor,4842.65
768,Frank,Vendedor,2039.96
769,Bob,Gerente,8628.39
770,David,Analista,7840.14
771,Frank,Técnico,9576.43
772,Alice,Desenvolvedor,2534.59
773,Alice,Vendedor,8312.35
774,Ivan,Vendedor,8746.19
775,Jasmine,Técnico,5956.23
776,Eva,Consultor,6846.08
777,Charlie,Desenvolvedor,8334.05
778,Bob,Designer,3137.24
779,Bob,Engenheiro,6089.34
780,Alice,Analista,5878.69
781,Jasmine,Desenvolvedor,7099.49
782,David,Técnico,2734.56
783,Eva,Desenvolvedor,5139.4
784,Hannah,Diretor,2695.31
785,Bob,Designer,7839.03
786,Jasmine,Analista,4468.11
787,Jasmine,Técnico,6531.37
788,David,Analista,4344.37
789,Ivan,Consultor,4111.84
790,David,Desenvolvedor,3925.79
791,Grace,Consultor,9202.15
792,Grace,Designer,8821.49
793,Alice,Designer,7740.76
794,Frank,Vendedor,8925.36
795,David,Engenheiro,4893.59
796,Hannah,Desenvolvedor,6308.37
797,Hannah,Analista,3904.47
798,Charlie,Engenheiro,4580.53
799,Ivan,Analista,4930.75
800,Jasmine,Estagiário,9546.16
801,Ivan,Técnico,7314.54
802,Ivan,Consultor,6908.48
803,Hannah,Desenvolvedor,8103.53
804,Hannah,Gerente,9156.88
805,Hannah,Estagiário,7314.87
806,Hannah,Técnico,4586.53
807,Jasmine,Vendedor,3438.34
808,Eva,Analista,7821.87
809,Alice,Estagiário,8242.66
810,Bob,Analista,9870.82
811,Jasmine,Técnico,8698.37
812,David,Analista,3852.11
813,Eva,Desenvolvedor,4636.53
814,David,Técnico,8180.31
815,Frank,Gerente,3940.21
816,David,Consultor,3068.21
817,Bob,Designer,2500.18
818,Grace,Técnico,3604.66
819,Jasmine,Diretor,8454.43
820,Eva,Designer,2330.56
821,Charlie,Consultor,2074.78
822,Bob,Desenvolvedor,6690.65
823,Hannah,Diretor,3656.03
824,Charlie,Designer,9571.14
825,Charlie,Gerente,9463.38
826,Frank,Desenvolvedor,8547.62
827,Charlie,Designer,8880.11
828,Alice,Consultor,2649.07
829,David,Desenvolvedor,9018.34
830,Ivan,Desenvolvedor,3934.51
831,Frank,Consultor,8192.86
832,Grace,Engenheiro,7885.39
833,Grace,Estagiário,3504.01
834,Charlie,Engenheiro,2846.08
835,Ivan,Engenheiro,6290.13
836,Alice,Designer,3956.03
837,Jasmine,Técnico,8556.65
838,Ivan,Analista,6099.27
839,Eva,Engenheiro,8965.55
840,Frank,Consultor,6363.1
841,Frank,Analista,3662.55
842,Ivan,Designer,5604.06
843,Grace,Vendedor,8184.91
844,David,Designer,6446.76
845,Frank,Engenheiro,8773.78
846,Charlie,Analista,2589.44
847,Alice,Vendedor,2216.13
848,Charlie,Estagiário,2131.7
849,Charlie,Vendedor,6503.5
850,Grace,Técnico,6264.53
851,Jasmine,Diretor,3522.84
852,Frank,Estagiário,4328.88
853,Ivan,Designer,8105.29
854,Ivan,Técnico,8651.73
855,Ivan,Desenvolvedor,5284.55
856,Ivan,Vendedor,7393.27
857,Ivan,Analista,7071.75
858,Eva,Diretor,9432.05
859,Hannah,Analista,6286.11
860,Grace,Engenheiro,3533.68
861,Ivan,Vendedor,3010.54
862,Frank,Estagiário,8719.92
863,Ivan,Desenvolvedor,3927.46
864,Jasmine,Consultor,5786.99
865,Ivan,Diretor,3007.67
866,Bob,Gerente,9004.28
867,Hannah,Diretor,3405.28
868,Hannah,Gerente,3809.47
869,David,Engenheiro,7917.19
870,Frank,Vendedor,2587.62
871,David,Analista,3819.26
872,Ivan,Diretor,8535.2
873,Hannah,Designer,3414.39
874,Frank,Consultor,2059.66
875,Hannah,Analista,2916.16
876,Ivan,Engenheiro,3641.06
877,David,Desenvolvedor,3967.8
878,Jasmine,Desenvolvedor,5381.55
879,Bob,Desenvolvedor,5403.44
880,Alice,Vendedor,4033.63
881,David,Estagiário,6379.1
882,Bob,Estagiário,6805.31
883,Hannah,Analista,8427.42
884,David,Engenheiro,2749.27
885,Hannah,Designer,6676.01
886,Bob,Consultor,2167.61
887,Charlie,Diretor,2733.1
888,Alice,Diretor,7828.75
889,Ivan,Diretor,7721.07
890,Eva,Diretor,6132.85
891,Eva,Técnico,5596.13
892,David,Estagiário,3125.91
893,Frank,Vendedor,4665.45
894,Grace,Técnico,4862.86
895,David,Desenvolvedor,5363.0
896,Grace,Desenvolvedor,2382.27
897,Eva,Técnico,6151.28
898,Hannah,Analista,3877.72
899,Charlie,Analista,9401.9
900,Alice,Gerente,2246.0
901,Grace,Consultor,4376.78
902,David,Diretor,7147.86
903,David,Designer,5967.79
904,Ivan,Vendedor,3237.15
905,Charlie,Engenheiro,9189.97
906,Grace,Analista,8639.35
907,David,Analista,3060.59
908,Ivan,Diretor,9909.84
909,Ivan,Engenheiro,6007.42
910,Alice,Designer,6958.14
911,Ivan,Engenheiro,9522.06
912,Alice,Consultor,4109.23
913,Jasmine,Gerente,5078.85
914,David,Analista,4503.99
915,Charlie,Técnico,9200.04
916,David,Técnico,2390.85
917,Alice,Consultor,8545.55
918,Grace,Gerente,8094.88
919,Jasmine,Consultor,7974.93
920,Eva,Consultor,8474.4
921,David,Vendedor,8567.1
922,Grace,Gerente,3144.79
923,Grace,Gerente,3256.34
924,Frank,Designer,6415.03
925,Frank,Estagiário,5648.02
926,Frank,Diretor,7543.59
927,Grace,Diretor,3569.65
928,Grace,Técnico,6014.74
929,Jasmine,Gerente,8126.03
930,Bob,Gerente,7052.22
931,Alice,Designer,3851.11
932,David,Consultor,7749.31
933,Eva,Diretor,7194.11
934,Jasmine,Diretor,9483.64
935,Grace,Gerente,3853.3
936,David,Consultor,7441.72
937,Hannah,Engenheiro,4054.27
938,Frank,Consultor,6660.33
939,Hannah,Consultor,2734.58
940,Hannah,Designer,9177.82
941,Ivan,Estagiário,6163.75
942,Eva,Designer,4428.86
943,Frank,Gerente,3207.6
944,Grace,Consultor,2952.46
945,Bob,Consultor,5327.76
946,Grace,Estagiário,3705.61
947,David,Engenheiro,4535.36
948,Hannah,Desenvolvedor,9322.5
949,Charlie,Vendedor,4271.17
950,Frank,Estagiário,2819.73
951,Ivan,Estagiário,7487.17
952,Hannah,Desenvolvedor,5815.46
953,Charlie,Vendedor,8928.65
954,Grace,Estagiário,5954.6
955,Alice,Desenvolvedor,6443.57
956,Grace,Vendedor,7325.99
957,Charlie,Engenheiro,4226.65
958,David,Analista,5443.03
959,Bob,Engenheiro,7485.03
960,Alice,Vendedor,7464.05
961,Hannah,Diretor,3574.78
962,Hannah,Engenheiro,4477.27
963,Eva,Desenvolvedor,7945.11
964,Alice,Estagiário,3436.4
965,Hannah,Engenheiro,3569.55
966,Alice,Estagiário,6172.14
967,Hannah,Vendedor,2930.08
968,Hannah,Analista,8770.05
969,Charlie,Estagiário,2993.06
970,Grace,Estagiário,3496.14
971,Grace,Consultor,4817.42
972,Ivan,Designer,8163.07
973,David,Diretor,7686.4
974,Bob,Engenheiro,6142.04
975,Frank,Gerente,5179.46
976,Hannah,Gerente,2080.3
977,Frank,Engenheiro,6202.46
978,Grace,Diretor,5197.07
979,Eva,Designer,6346.91
980,Jasmine,Técnico,5213.44
981,Charlie,Estagiário,8584.47
982,David,Vendedor,6219.33
983,Ivan,Diretor,3334.58
984,Jasmine,Consultor,4903.72
985,Bob,Consultor,5506.71
986,Ivan,Designer,7895.52
987,Charlie,Designer,8638.45
988,Frank,Analista,7712.84
989,Hannah,Engenheiro,5861.04
990,Bob,Estagiário,3158.39
991,Ivan,Vendedor,4960.97
992,Grace,Gerente,8884.61
993,Hannah,Técnico,9626.73
994,Bob,Técnico,4305.25
995,Grace,Vendedor,9331.81
996,Ivan,Analista,2383.99
997,Hannah,Vendedor,5604.06
998,Bob,Gerente,4529.4
999,Eva,Engenheiro,5302.21
1000,Grace,Diretor,6084.67
